time,stormID,clon,clat,area,rain_max,rain_mean,tmin,tcw,q925,ushear600_850,ushear600_925
2020-07-01 22:02:00,185,82.54978340723181,11.559892270898306,46500,7.671779815841243,1.0117043684739313,211.65654198804094,62.27900314331055,14.904980659484863,9.021875381469727,8.065625190734863
2020-07-01 23:02:00,203,82.43672042466793,11.646057906487176,48200,7.555668080414779,0.5282813548418253,215.67534970893624,62.392242431640625,14.604558944702148,7.934374809265137,8.871874809265137
2020-07-01 23:02:00,195,90.57321266900925,10.400892666407994,33600,1.9967151572101856,0.0658847076069768,215.9171174140418,64.19258880615234,16.741409301757812,1.53125,0.612500011920929
2020-07-02 22:02:00,238,81.53985507640859,27.069971314757467,285900,27.689811798965575,2.629389020000762,193.65810504123743,69.47259521484375,19.531763076782227,-1.3562500476837158,-0.9750000238418579
2020-07-02 22:02:00,166,73.65966555098413,12.437291656657766,312400,22.941400801284516,1.5124423727152407,201.05467623196859,61.360450744628906,16.055959701538086,7.856249809265137,3.8187499046325684
2020-07-02 22:02:00,204,82.99900975929701,17.42255552602418,541100,34.680095118682885,1.8085788850521478,190.0600062291173,70.87806701660156,17.07094955444336,11.018750190734863,8.756250381469727
2020-07-02 23:02:00,213,81.31344876899745,27.054190330802815,307800,23.404487188004687,2.3953494138884226,194.09650081921365,69.76313781738281,19.582387924194336,-1.540624976158142,-0.765625
2020-07-02 23:02:00,145,73.89941781566989,12.22467715140312,310000,20.634984248936593,1.6606025966880453,198.64796130463998,61.544837951660156,16.00676155090332,7.502604007720947,3.7864582538604736
2020-07-02 23:02:00,185,83.3246958522953,17.256637659448984,512200,36.093815901221035,1.8492252953447068,190.4534059200261,71.73365020751953,17.3033390045166,10.403645515441895,7.1171875
2020-07-02 23:02:00,206,77.82259453259982,22.0701920069181,20800,1.7849577156134133,0.06740230518896667,214.13335625565946,55.17577362060547,16.629730224609375,17.92708396911621,10.497395515441895
2020-07-03 22:02:00,174,80.86093033924466,19.33521513166182,830600,47.569127511320076,1.5713608031646484,187.0749267207967,64.202880859375,15.997665405273438,10.865625381469727,3.153125047683716
2020-07-03 22:02:00,185,72.41305764378579,17.55721464198389,69300,16.03787693188149,2.8728563500556716,211.18546883422127,66.2384033203125,16.74496078491211,13.262499809265137,8.931249618530273
2020-07-03 22:02:00,131,75.4608477488065,9.44690702519817,203700,14.586005054421866,0.8070875277926103,205.9569071571937,62.206687927246094,15.838238716125488,3.3932292461395264,1.6015625
2020-07-03 22:02:00,120,70.73866237995595,6.181983669759774,24700,0.3941964386162003,0.024210392315071654,222.6461657336849,61.62700271606445,16.548999786376953,2.137500047683716,-1.631250023841858
2020-07-03 23:02:00,182,80.97946712475468,12.949758161093301,41400,0.0,0.0,217.06734135592652,53.5147819519043,12.106428146362305,1.240625023841858,3.3843750953674316
2020-07-03 23:02:00,115,70.68599856567383,6.059999885559082,25000,0.42044922369265986,0.029608558618902606,226.0614841770514,61.636512756347656,16.51512908935547,1.7526041269302368,-1.921875
2020-07-03 23:02:00,188,72.46666516568555,17.318531079725787,85800,17.718565541967386,2.669540030411693,211.53663714022156,64.6981430053711,16.816387176513672,11.771875381469727,7.728125095367432
2020-07-03 23:02:00,187,80.97195724212017,19.811829518780264,776000,36.866603739993835,1.6010376763728054,187.373135998489,63.222999572753906,16.89620590209961,14.259374618530273,9.168749809265137
2020-07-03 23:02:00,134,75.71569039367198,9.733341843527851,191500,17.078124161467706,0.8221097494373991,202.8109978382588,64.00556945800781,16.518556594848633,1.4401041269302368,-2.5130207538604736
2020-07-04 22:02:00,177,81.78561661905874,16.818543082789372,81700,8.737142752488701,0.3257533526815782,203.12469806879417,63.777992248535156,14.922741889953613,4.049479007720947,-0.328125
2020-07-04 22:02:00,195,81.38657250227752,28.792128854327732,43200,17.64595391416366,1.9628498584381617,196.1907771566644,61.2294807434082,5.58914852142334,-0.987500011920929,-1.915624976158142
2020-07-04 22:02:00,171,77.2943090733007,20.260776126120625,929800,22.304303286796834,1.9626923953596178,192.39569937206696,62.186195373535156,15.400577545166016,15.026041984558105,6.229166507720947
2020-07-04 22:02:00,145,75.67915133569632,9.371781993882752,90900,16.73069054099202,1.4624671089077812,205.82985504299046,54.35430908203125,15.45519733428955,8.759374618530273,3.6187500953674316
2020-07-04 23:02:00,188,81.116906631396,28.855796321002757,41400,19.952824499495506,1.9679137145033803,198.48260594646416,62.63982009887695,10.058599472045898,-0.5874999761581421,-1.603124976158142
2020-07-04 23:02:00,167,77.49277157081723,20.02703582956361,985900,34.84375648990846,1.8361724550893543,193.0524587097548,62.37446975708008,15.898414611816406,14.734375,4.734375
2020-07-04 23:02:00,143,75.59750841908246,9.48824682938625,100400,16.57045551197356,1.2377107052762097,205.88831323815796,54.1707878112793,15.137741088867188,8.6875,3.7057292461395264
2020-07-05 22:02:00,134,75.10773430590359,9.64820735499544,106000,20.684451943072364,0.9269188381540503,202.03849298962675,54.2108039855957,15.839570999145508,7.393750190734863,1.4375
2020-07-05 22:02:00,189,74.94988654282743,22.091572998505566,625400,79.70316034718877,2.584469347680016,190.65753237183478,67.50335693359375,17.637393951416016,10.334375381469727,6.956250190734863
2020-07-05 23:02:00,147,75.00559144144403,9.9129098061256,118900,17.612671538165735,0.97234502981692,201.05170650510584,54.478553771972656,16.048067092895508,6.96875,1.1197916269302368
2020-07-05 23:02:00,186,83.97782463405443,13.58086918125982,23000,5.586150153505051,0.703223860857127,203.34586064358,61.1780891418457,13.950065612792969,5.662499904632568,5.140625
2020-07-05 23:02:00,200,74.69862362467384,22.00082134567531,632800,82.48203115968107,2.6651924296867633,189.8235784715387,66.7264404296875,17.76555633544922,9.90625,6.371874809265137
2020-07-06 22:02:00,213,72.78991599218436,25.13180513408182,218200,79.1069072702182,2.3359388962104837,192.98936785184588,56.54388427734375,19.667957305908203,17.01302146911621,11.9140625
2020-07-06 22:02:00,127,75.5876729920853,10.06953468322754,21500,10.256482592066792,0.7233344655719921,218.53381878569135,54.756813049316406,16.06266212463379,6.411458492279053,1.5052083730697632
2020-07-06 22:02:00,208,82.72410103724553,22.717371400197347,156000,27.601479957810806,2.8642391862254812,200.73412286300965,68.51958465576172,19.08746910095215,11.256250381469727,2.268749952316284
2020-07-06 22:02:00,139,88.98705196380615,11.355803383248192,22400,11.15668857667846,0.6073943560802759,202.28463351077508,54.57563400268555,16.002059936523438,3.2093749046325684,2.234375
2020-07-06 22:02:00,201,75.00134554226689,20.064579641762325,63100,7.014078162819968,0.2741575079950163,216.4795431047131,55.10277557373047,15.184819221496582,10.393229484558105,-2.9739582538604736
2020-07-06 23:02:00,158,83.33472899476925,12.11107763416039,33400,10.59997509692159,1.1729854281305097,199.16990564381254,60.545806884765625,14.779948234558105,5.075520992279053,4.942708492279053
2020-07-06 23:02:00,216,72.10752425832847,25.095824205260914,194000,87.38429471683418,2.3734906891577077,191.4484459853776,59.18535232543945,20.014141082763672,15.134374618530273,11.681249618530273
2020-07-06 23:02:00,157,89.28472071223788,11.637152585718367,28800,14.4899463356569,0.5652921491430326,199.5043310489523,55.52952194213867,16.097354888916016,3.1781249046325684,2.137500047683716
2020-07-06 23:02:00,207,82.59272827743487,22.43763189820526,179500,17.042419946908012,2.2163363682575055,204.72007620081948,69.6178970336914,18.677967071533203,12.603124618530273,5.084374904632568
2020-07-06 23:02:00,206,75.02116778589064,20.13124963160484,49600,7.5489057135931565,0.2930909021308548,216.0355997820821,55.68488693237305,15.184819221496582,10.393229484558105,-2.9739582538604736
2020-07-07 22:02:00,224,79.036044985749,21.444418246247047,21500,8.688309606078752,0.504663135461645,216.66638101450022,61.1153678894043,17.39456558227539,10.587499618530273,1.993749976158142
2020-07-07 22:02:00,189,74.69888109601409,13.314245490388497,35800,13.324121651846598,1.5304181987398597,212.66894083855018,58.12200164794922,16.81197738647461,10.865625381469727,5.146874904632568
2020-07-07 22:02:00,233,82.71566513061524,25.739999402364095,30000,19.730395857113923,2.4967227606124243,200.41188913596406,82.820068359375,19.491424560546875,9.350000381469727,13.346875190734863
2020-07-07 23:02:00,204,79.13324974323142,21.456403563175297,20300,6.482406774418935,0.40179604088083937,217.62180503415172,61.53032302856445,17.638347625732422,10.21875,1.334375023841858
2020-07-07 23:02:00,175,74.55563222858268,13.532394019650742,28400,14.748764259103924,1.421210719470634,211.7261294533275,58.66569900512695,16.720653533935547,10.543749809265137,5.425000190734863
2020-07-07 23:02:00,209,82.36534378168832,25.939001927290427,39100,18.251319515689623,1.8572292327003115,201.48075537086112,82.71748352050781,19.576995849609375,12.065625190734863,15.956250190734863
2020-07-08 22:02:00,208,88.24999840765813,17.81733172255722,55100,34.72151356650669,3.614805069150978,200.54162972767958,68.60401916503906,17.282838821411133,-4.182291507720947,-1.5859375
2020-07-08 22:02:00,213,77.56423071529089,20.310486536347465,53400,9.29270407858587,1.571562656474875,218.44910332384475,56.0086784362793,16.50107765197754,15.7890625,6.0
2020-07-08 23:02:00,197,77.83502375413924,20.234009786305695,39400,7.685907473728238,1.6582605734312248,214.90450360214078,56.288902282714844,16.386545181274414,15.75,6.565104007720947
2020-07-08 23:02:00,167,74.4757510028954,13.499720974244934,89700,12.920328803965955,1.775868403416218,205.91304456501143,64.49920654296875,17.070524215698242,5.268229007720947,-4.3515625
2020-07-09 22:02:00,204,83.93178352675585,26.8937150750221,54900,8.939672947880517,0.7824441228870439,197.280255105362,77.26982116699219,18.708847045898438,3.796875,6.318749904632568
2020-07-09 22:02:00,130,75.4213236613446,9.210963662848416,41500,7.6995895716422735,0.6097278105500292,219.683749957987,61.15529251098633,15.91003704071045,7.293749809265137,1.4093749523162842
2020-07-09 22:02:00,156,73.70016507466634,13.295999662081401,60000,15.381415579694297,0.9913192333918263,209.5516187891817,62.204986572265625,16.431184768676758,11.6875,5.84375
2020-07-09 22:02:00,122,79.23120154474014,7.381202828615232,26600,8.96707916930241,0.6231206310117837,204.91316598860251,61.851051330566406,16.245271682739258,2.8255207538604736,-0.6432291865348816
2020-07-09 22:02:00,176,88.5859207597751,15.690452702222904,30900,10.389443069312037,1.0069324050958877,207.48525947788278,64.4555435180664,16.592361450195312,-2.1468749046325684,2.1968750953674316
2020-07-09 22:02:00,152,83.77515191388277,11.274232940439797,32600,6.618028671221927,0.4867152449757764,200.4220064575323,64.35699462890625,16.676326751708984,6.471875190734863,4.184374809265137
2020-07-09 23:02:00,133,79.20871064157197,7.345833153435678,26400,8.694552094821647,0.5781704276778696,207.99984237263297,61.89368438720703,16.210397720336914,2.809375047683716,-0.6031249761581421
2020-07-09 23:02:00,174,73.74817652837467,13.356477391864606,49400,12.603621381903652,1.3485666851038378,205.70449165568658,62.468345642089844,16.418703079223633,11.408854484558105,5.130208492279053
2020-07-09 23:02:00,207,83.90421787696549,26.60421867209648,47400,4.577151269282763,0.4683352766713573,199.14684649920835,76.38587188720703,18.701215744018555,4.484375,5.265625
2020-07-09 23:02:00,141,76.61908232710744,8.993511258190825,26200,9.784787747183364,1.0282522669737355,216.69344545793015,59.81218338012695,15.777078628540039,6.778124809265137,1.818750023841858
2020-07-10 22:02:00,181,73.88963554695661,12.987344485868583,104700,18.743132279244048,1.182442174597777,201.6266326040815,60.7047233581543,16.20546531677246,13.473958015441895,7.518229007720947
2020-07-10 22:02:00,189,81.32124126485776,15.86194566724847,207600,17.211522267682607,1.786004642666634,198.71055700624248,64.7479476928711,14.878506660461426,9.221875190734863,9.821874618530273
2020-07-10 22:02:00,146,75.57382698097115,8.931754555326634,100300,16.74769594804727,1.3780231887199768,203.38369445199467,62.30413818359375,15.959625244140625,5.953125,2.7526042461395264
2020-07-10 22:02:00,172,82.0845189760809,11.806849083835132,73000,7.584978836380057,0.7622376579364527,203.44492217714023,61.656471252441406,15.725207328796387,14.453125,13.146875381469727
2020-07-10 23:02:00,187,74.05326716235028,12.926097758822104,97900,24.13108561915252,1.1230754637866371,205.0741521963153,60.81584548950195,16.1967716217041,13.434895515441895,6.815104007720947
2020-07-10 23:02:00,174,82.00718450450192,14.900201131706673,297800,28.750603899533225,1.71562056144035,196.0529668950027,64.63619232177734,13.887301445007324,12.087499618530273,11.125
2020-07-10 23:02:00,132,74.7872295397481,8.262441353668555,106900,16.812268509477978,1.1997442618953533,204.42412591214625,59.77228927612305,15.23302173614502,8.193750381469727,6.246874809265137
2020-07-11 22:02:00,149,76.5908117179411,8.666716682623667,66400,17.12398216082387,1.1164815256357987,208.1055680687646,62.04887771606445,15.600987434387207,3.1458332538604736,-2.6588542461395264
2020-07-11 22:02:00,222,74.79323515223996,23.195651796129013,41400,6.167650755501056,0.5218106195081351,205.52815298825004,63.39432907104492,18.477100372314453,13.262499809265137,15.684374809265137
2020-07-11 22:02:00,178,83.84012584321817,11.360827843854382,31400,2.8846442919346744,0.17953698001324733,216.55703287029107,63.51569747924805,15.172330856323242,8.028124809265137,9.321874618530273
2020-07-11 22:02:00,205,80.00481071367811,20.815281882922882,402100,14.223722088964925,1.1785823075120687,196.23210076203657,61.78806686401367,16.206274032592773,7.603125095367432,2.09375
2020-07-11 22:02:00,177,74.07391153346389,13.168808788342828,105800,13.789405923249424,1.71808899842763,208.84091423652703,55.75804901123047,15.713086128234863,7.771874904632568,4.974999904632568
2020-07-11 23:02:00,206,79.80605945723163,20.820543013423322,406700,14.979105595350578,0.9993013437984474,194.74317019808612,62.81010818481445,16.17043685913086,6.963541507720947,1.5442708730697632
2020-07-11 23:02:00,220,74.65844008210418,23.062337212748343,30800,6.553671797867939,0.44529981595583673,214.07043720362097,63.51518249511719,18.38802146911621,13.609375,15.603124618530273
2020-07-11 23:02:00,195,83.98154780428175,15.020140462526133,35500,32.498394424170925,4.124243142667643,204.66168704016,64.41896057128906,15.074810981750488,2.0218749046325684,4.871874809265137
2020-07-11 23:02:00,213,89.26120059737742,19.778141709624744,36600,15.117674629176083,1.8913604416438659,206.18808033335108,69.24810791015625,18.267070770263672,4.59375,5.65625
2020-07-11 23:02:00,154,74.92972036916439,11.611587241516467,172600,14.757419605880703,1.5213744841825745,205.32665709071568,60.73871994018555,16.404956817626953,6.665625095367432,1.125
2020-07-12 22:02:00,151,75.01695445865411,10.972008452678569,161300,18.49042528824803,1.6992164619374366,205.86895105797885,59.1952018737793,14.7522611618042,4.9453125,-1.8177083730697632
2020-07-12 22:02:00,209,82.07942885386792,24.03101223782648,126400,18.83377816121599,1.8623886443013957,191.27969516746242,63.974212646484375,19.494117736816406,3.909374952316284,-0.3812499940395355
2020-07-12 22:02:00,163,84.69497878908173,11.194487968767723,101600,5.95252942673614,0.6057950560659155,207.0082519643984,59.7116813659668,13.713556289672852,-0.06562499701976776,-2.1187500953674316
2020-07-12 23:02:00,124,73.70436733208814,7.278640596611986,20600,5.194818992104398,0.6359832401695196,220.6680886660187,59.49481201171875,16.131996154785156,3.5843749046325684,-1.65625
2020-07-12 23:02:00,140,86.10499846594674,9.795178374222347,56000,2.933630970719094,0.20765984458214284,209.82455055230287,61.2508430480957,15.285260200500488,0.5375000238418579,-4.496874809265137
2020-07-12 23:02:00,135,75.16910670146146,10.83973792083535,141300,20.685618586449223,1.6329603470796283,201.21396435617064,59.4398307800293,14.689387321472168,4.979166507720947,-1.9427083730697632
2020-07-12 23:02:00,185,82.06673852637651,24.353376937507708,136200,13.352355436615802,1.4899218824549725,192.44848197449676,66.42904663085938,18.823848724365234,3.6614582538604736,-0.8723958134651184
2020-07-12 23:02:00,159,84.19416642967687,12.354820901090584,64300,7.505963567874653,0.9056816818560992,209.49213686363188,59.7524528503418,12.784470558166504,1.9718749523162842,-2.828125
2020-07-13 22:02:00,164,74.88202542960826,11.18747680492366,163300,20.604993219519887,1.62909202381328,208.58052080131387,58.51359176635742,14.81169605255127,-0.3671875,-4.903645992279053
2020-07-13 22:02:00,189,89.24476643117018,14.224530718992634,101300,7.433866641883187,1.1053935788252542,202.73490049493742,58.921226501464844,15.844056129455566,-9.286458015441895,-9.90625
2020-07-13 23:02:00,168,74.83210748970791,11.434300713629518,168800,18.692289960918103,1.67464715309798,205.84702868671687,59.04347610473633,15.23674201965332,0.15312500298023224,-5.240624904632568
2020-07-14 22:02:00,130,77.6591254617802,10.740773599929911,302400,21.296533319553056,0.8075979465322184,211.3350319882834,47.618568420410156,12.071526527404785,-5.099999904632568,-1.421875
2020-07-14 23:02:00,134,77.55192219896195,10.730338885491081,306700,19.27474247069807,0.8432601986953077,212.06098927041373,45.69967269897461,11.878082275390625,-4.630208492279053,-1.3958333730697632
2020-07-15 22:02:00,165,74.89749231393355,11.485086037472025,121700,24.492255557843038,1.1133590234226878,212.47503046161975,51.61742401123047,15.4674072265625,2.3072917461395264,2.6953125
2020-07-15 23:02:00,156,74.90747730617576,11.520837016747116,106300,19.351266963439937,0.9020464764776225,211.86728866787305,51.61742401123047,15.416566848754883,2.143749952316284,2.40625
2020-07-16 22:02:00,171,75.25642428723684,11.428313056149157,24900,14.516769303085,1.2520167379759335,214.59986746767194,56.31206130981445,15.83478832244873,6.203125,5.784375190734863
2020-07-16 23:02:00,156,75.195327204404,11.358650316416599,28900,15.306930048742686,1.0545744155782237,209.42374193082676,55.48274612426758,15.83478832244873,6.203125,5.784375190734863
2020-07-17 22:02:00,136,75.07880799429758,12.481666392371768,42000,17.447009267392648,1.8928438428770755,211.1277031169311,50.554046630859375,15.979928970336914,4.534375190734863,4.034375190734863
2020-07-17 22:02:00,121,79.79349282417155,9.797583438206782,26900,1.236072902057598,0.09561276256020873,222.2220227082307,52.472442626953125,14.647181510925293,0.9348958134651184,4.557291507720947
2020-07-17 22:02:00,162,83.27627517606244,18.996015553714486,552200,71.26019253951816,2.758153989544123,190.3194690938269,53.242698669433594,11.799277305603027,6.193749904632568,-2.799999952316284
2020-07-17 22:02:00,190,87.77809283962887,24.54056937661761,50900,15.524578227436917,0.7867925705108172,196.06423536884287,73.07696533203125,19.119720458984375,2.7906250953674316,4.018750190734863
2020-07-17 22:02:00,205,90.04103782954608,28.784049413537467,27900,4.826934452139416,0.9447372960872236,204.98841115522893,12.362652778625488,0.0,0.0,0.0
2020-07-17 23:02:00,143,74.93307540600117,12.577307409506577,52000,17.290996706381154,1.5360386428547264,213.6698555505459,51.12824630737305,15.888659477233887,4.28125,4.168749809265137
2020-07-17 23:02:00,165,83.04470922548909,19.110958303498826,605000,36.56336457373777,2.465927678183128,190.01617538878358,49.564903259277344,9.56078052520752,6.111979007720947,-2.9270832538604736
2020-07-17 23:02:00,187,86.81467087791856,24.439743221315563,35100,7.825270256912089,0.9035460581059979,195.26368826725314,69.45326232910156,19.36956024169922,2.140625,1.2135416269302368
2020-07-17 23:02:00,196,89.66737300916988,28.722586127321694,25900,2.881440906743499,0.8155432472718692,206.83288198105217,13.923998832702637,0.0,-0.0078125,-0.0078125
2020-07-18 22:02:00,242,89.48473648384112,29.416343193662467,175600,6.738895734806249,0.9579622242171055,200.44211918766797,14.885815620422363,0.0,0.1432291716337204,0.1432291716337204
2020-07-18 22:02:00,162,73.7089458613974,14.622677030061421,218500,18.25631919892935,2.31679455503048,208.75825080882555,49.84331130981445,16.106199264526367,3.5218749046325684,3.840625047683716
2020-07-18 23:02:00,229,89.46276446268068,29.42056661125616,112800,6.4828876798095845,1.0635660353401166,201.232426057274,14.885815620422363,0.0,0.171875,0.171875
2020-07-18 23:02:00,212,73.90460595661463,23.79743987464254,29300,2.627186577525539,0.2557537726087597,227.27588305510488,56.90752410888672,18.93744659423828,14.416666984558105,10.9453125
2020-07-18 23:02:00,151,73.61606687236036,15.181153528099387,234000,17.95024717639282,2.2665177941693133,212.94615531365622,53.669578552246094,15.925750732421875,4.903645992279053,4.830729007720947
2020-07-20 22:02:00,246,87.22476917231849,25.588531555385764,21800,2.883236812613818,0.06881739677257094,208.10489991325943,79.79119110107422,21.494388580322266,4.809374809265137,0.546875
2020-07-20 22:02:00,202,74.67794626734783,18.62095025217032,245100,19.062763554083848,1.5022170006906461,204.54189861043884,51.64494323730469,15.744384765625,17.921875,7.262499809265137
2020-07-20 23:02:00,193,74.26950131228503,18.67977974018221,209200,16.901547048220785,1.6702408830891402,208.6538032475823,51.5513916015625,14.973566055297852,18.112499237060547,7.306250095367432
2020-07-21 22:02:00,220,88.874713186982,29.098288177084108,26300,3.8769548215932716,0.4018787844430875,208.23062672382,18.78325653076172,0.0,0.03750000149011612,0.03750000149011612
2020-07-21 22:02:00,171,73.8147153746407,12.747735563314185,53000,13.61836031529434,0.3990796900952853,214.24356199358377,59.28812789916992,14.912378311157227,9.756250381469727,11.987500190734863
2020-07-21 22:02:00,199,72.91643797112486,20.394122278060784,58700,12.223795614988456,1.097567658845861,205.82536077960214,61.8485221862793,17.735065460205078,8.010416984558105,6.986979007720947
2020-07-21 23:02:00,173,73.9787654876709,13.096575018477767,29200,10.954511405082183,0.46983985757405783,216.47790642778222,61.542083740234375,15.008275985717773,11.359375,13.350000381469727
2020-07-21 23:02:00,198,72.72623168762846,20.45119544458318,66900,14.236173325967286,1.3072984538270456,207.86382495726562,62.387542724609375,17.738597869873047,7.084374904632568,6.618750095367432
2020-07-22 22:02:00,165,74.42316616840245,12.942422073079932,80500,16.646965571957068,2.2523726953001013,209.65204694582425,63.65726852416992,15.8421049118042,8.815625190734863,9.040624618530273
2020-07-22 23:02:00,152,74.38706839812318,12.968978625688118,90100,16.83552558455384,2.214073692823009,209.8210064009648,63.431854248046875,15.8421049118042,8.815625190734863,9.040624618530273
2020-07-23 22:02:00,141,80.74140200954157,17.732244646923007,1814700,35.490229525266294,2.282284718506228,188.62212651671283,61.863922119140625,15.398442268371582,-1.8781249523162842,-4.106249809265137
2020-07-23 23:02:00,139,80.91333541168659,17.78701965838526,1849000,42.41460676645601,2.2403563764234753,188.76287320166878,63.566078186035156,15.76056957244873,-2.4921875,-4.919270992279053
2020-07-24 22:02:00,210,75.81486775360855,22.004186697060767,979200,65.2083084744815,2.5262034924450503,189.26945365440372,68.18484497070312,17.758602142333984,14.550000190734863,9.168749809265137
2020-07-24 22:02:00,164,71.24052478311515,13.586153519781012,494000,12.271900989553195,0.19689074897792225,216.93151908585494,57.007972717285156,16.31939697265625,18.05989646911621,14.583333015441895
2020-07-24 22:02:00,230,89.16924146297227,25.025393880128107,31700,2.494792188761179,0.23638078299556142,200.39745481749645,70.83345794677734,19.754741668701172,4.243750095367432,2.7874999046325684
2020-07-24 23:02:00,196,75.6591512931782,22.143684463965464,969100,55.83500251397534,2.547029639879995,189.75221688125404,68.42842864990234,18.1729679107666,13.706250190734863,8.015625
2020-07-24 23:02:00,167,71.11726475879651,13.917238706202493,366900,11.883335972614935,0.19533667786417863,219.51557877965053,56.93357467651367,16.58819580078125,17.765625,14.09375
2020-07-24 23:02:00,215,88.82257373516376,24.981103240048206,29900,1.7532849859974466,0.23614712260693307,210.3250804977148,73.16954040527344,20.06168556213379,4.3203125,3.6588542461395264
2020-07-24 23:02:00,165,74.95069451564426,10.792227189668093,43100,3.222433048664811,0.07719482656007065,222.36927845491815,59.55817794799805,15.24109935760498,13.243749618530273,9.131250381469727
2020-07-25 22:02:00,216,74.7961220305158,25.902967294153484,330200,68.51318808444344,1.9285533281891696,190.6059931822192,66.22439575195312,19.886646270751953,2.15625,6.78125
2020-07-25 23:02:00,194,74.59330164895727,25.978245666432667,342700,73.39571625800872,1.7240630822989669,191.32105549844232,65.69363403320312,20.21531105041504,2.3932292461395264,6.721354007720947
2020-07-25 23:02:00,203,84.3032664629369,27.38202538209803,30600,12.111427291056769,1.4832928270744337,208.50218941178935,70.41202545166016,19.77948760986328,5.588541507720947,6.270833492279053
2020-07-26 22:02:00,216,75.16014342377152,26.105796295663584,27600,8.065223256272372,0.7219077903205601,203.75537569619544,60.33434295654297,19.784250259399414,5.822916507720947,14.513020515441895
2020-07-26 23:02:00,205,82.62705478420506,25.280735436972087,23100,7.826406515848929,0.2796295634562788,211.2672318524095,64.56147766113281,20.23147964477539,5.828125,5.388020992279053
2020-07-26 23:02:00,209,75.58427407632026,25.991695363614248,28300,15.639396036560475,1.178292434918772,203.24605315872623,61.322364807128906,19.22705078125,6.6328125,13.377604484558105
2020-07-27 22:02:00,149,74.73756186006032,13.1406088311055,39400,15.220796396275432,1.6644861804779871,215.29026579519245,61.777992248535156,16.107255935668945,3.3958332538604736,-0.140625
2020-07-27 22:02:00,160,82.46635734940581,16.043139472800384,37900,14.525158420489179,2.282606344597586,196.9774752747902,64.54254150390625,14.229377746582031,6.783854007720947,6.393229007720947
2020-07-27 22:02:00,169,80.63388282208403,17.877272345803,24200,5.577820986344154,1.0002514716496949,208.40758622881376,59.68815994262695,13.264925956726074,9.010416984558105,5.190104007720947
2020-07-27 22:02:00,174,87.6741911649704,21.127864199876786,384000,38.08879892829363,3.3962267147363745,191.73376085314118,73.56039428710938,16.404237747192383,2.4010417461395264,3.4713542461395264
2020-07-27 23:02:00,169,87.48692938370657,21.006158618913776,432700,59.1245054494042,3.32650451988424,191.13904222934963,73.6058120727539,16.556692123413086,2.5250000953674316,3.7593750953674316
2020-07-27 23:02:00,135,73.76815142297441,12.411942406065146,62800,13.593598845089561,0.8263646420471847,215.61551363861759,58.84716796875,15.681536674499512,5.895833492279053,2.6302082538604736
2020-07-27 23:02:00,148,84.0752216747829,14.951562119381768,134400,12.478323499811134,1.1746438778757646,197.2615201152912,64.43450927734375,17.132898330688477,5.175000190734863,2.953125
2020-07-27 23:02:00,167,80.85873635301313,18.01796073358036,20600,4.600680473765797,0.5145853881826493,214.91675088522825,61.36830520629883,14.154812812805176,7.896874904632568,2.6968750953674316
2020-07-28 22:02:00,202,79.29342359723665,16.406268714764796,32700,0.26804104326871947,0.0032583506791264098,223.14326698272504,55.02387619018555,14.694911003112793,14.490625381469727,7.625
2020-07-28 22:02:00,154,76.0134334194363,8.919805904504665,36100,8.520258841473069,0.3496356166088601,215.84573908914064,53.7063102722168,15.412673950195312,6.1328125,0.3541666567325592
2020-07-28 22:02:00,187,74.3756152158444,13.975236807647647,52700,13.428670055056205,1.3119845261719338,217.67544907595155,59.10710525512695,16.068708419799805,4.224999904632568,-0.734375
2020-07-28 22:02:00,207,84.71886171344084,17.775535027317,60700,8.811584821008218,2.2708512659466713,202.31730298099626,67.0628890991211,14.59801959991455,5.609375,8.052083015441895
2020-07-28 22:02:00,177,83.39173397347946,12.051652707344244,24200,7.914201752219736,0.9414336071751995,210.9652211605721,61.02020263671875,13.62073040008545,6.790625095367432,5.987500190734863
2020-07-28 23:02:00,168,83.68738504676334,12.07722300583135,55100,12.479210552843286,1.150733442981243,207.6822948622056,60.60725784301758,13.615020751953125,6.456250190734863,5.793749809265137
2020-07-28 23:02:00,151,75.36511733053055,9.167062442194565,46300,8.550685006312325,0.445796940841384,215.3065206339226,52.690277099609375,15.711328506469727,7.090624809265137,1.3718750476837158
2020-07-28 23:02:00,186,74.6138873793121,13.999144918898232,46800,13.604071057332458,1.2046858417316793,219.45833540910718,57.970977783203125,16.347055435180664,2.3567707538604736,-3.6901042461395264
2020-07-28 23:02:00,200,79.81571278889975,16.989999662126813,52500,1.9943376679274696,0.07895997503155287,225.9164971749757,58.43705368041992,14.806892395019531,13.763020515441895,9.065104484558105
2020-07-29 22:02:00,181,72.24162415753445,17.477585828245566,101500,14.702109144805288,1.3841749467554247,212.97006088242549,62.18766403198242,16.702394485473633,9.199999809265137,9.4375
2020-07-29 22:02:00,130,75.23738851015868,10.430571643488149,136400,15.796392149825959,0.9890746981718538,208.66646935328546,52.5203971862793,15.085436820983887,8.634374618530273,4.940625190734863
2020-07-29 23:02:00,185,72.32704019979211,17.40843882880929,110200,17.08768628622245,1.3895635515926175,213.13440684303163,62.430450439453125,16.668630599975586,9.240625381469727,9.415624618530273
2020-07-29 23:02:00,121,86.83413212085318,6.818058282696877,47900,2.9665091865361743,0.25629228263381637,220.4172974919875,52.65155029296875,15.2562837600708,0.6979166865348816,-1.3645833730697632
2020-07-29 23:02:00,143,75.63605746251329,10.453082911450485,149200,12.414087908315617,0.8013153183532268,209.65274165200086,53.24103927612305,15.131635665893555,7.096875190734863,3.487499952316284
2020-07-30 22:02:00,189,79.59278700901912,28.969229927429787,20800,5.608107283803681,0.7138492407677575,207.17765527498088,75.8353271484375,15.157076835632324,-3.403125047683716,-8.509374618530273
2020-07-30 22:02:00,142,74.230363272802,12.34055768471419,93200,18.381893274212235,1.5278773254147913,205.90605392537842,55.4119987487793,15.771700859069824,10.165624618530273,8.006250381469727
2020-07-30 22:02:00,147,80.69837393456561,12.782731364923837,83100,0.12622196579922718,0.0005549446674335865,218.4258001318365,55.310455322265625,12.65815258026123,-4.621874809265137,-1.6531250476837158
2020-07-30 22:02:00,184,77.76728852567491,26.008503257681472,141700,11.70785548546696,0.8543765492212863,195.60318877045304,65.7686767578125,17.848310470581055,11.065625190734863,17.368749618530273
2020-07-30 22:02:00,119,85.17527929584632,8.780336894346087,35600,8.141655771209086,1.2807017407882928,207.10696995305284,54.264610290527344,16.360849380493164,0.20000000298023224,-3.1781249046325684
2020-07-30 23:02:00,112,85.04927033359564,8.748543510159243,41200,12.187734091839737,1.2446114729334998,204.3819927764859,54.3480110168457,16.426570892333984,0.28125,-3.171875
2020-07-30 23:02:00,138,74.21999846748683,12.187282357008561,92000,17.118939006919017,1.2364895641892402,204.80260327682464,54.98579025268555,15.646551132202148,10.731249809265137,8.296875
2020-07-30 23:02:00,179,77.53650199811855,26.02640031846189,126700,13.184659212177415,0.918812074112401,194.8047478683385,65.58575439453125,17.8847599029541,11.450520515441895,17.9140625
2020-07-30 23:02:00,144,81.8987431865357,13.036192157777284,47800,0.0,0.0,221.05252825544818,60.12018585205078,13.08897876739502,-0.046875,-1.2421875
2020-07-31 22:02:00,158,75.32295037556067,10.451950391960391,76900,16.92170811872749,2.721646290339891,204.87881067363773,53.24072265625,15.443522453308105,11.098958015441895,6.190104007720947
2020-07-31 23:02:00,160,75.09408455396354,10.436499210526296,83700,17.67552215584274,2.631278009672157,207.1086056785035,52.766109466552734,15.445024490356445,11.693750381469727,6.715624809265137
2020-07-31 23:02:00,182,73.20128051960684,15.471082240880838,105300,18.38313480477834,2.1673407448074253,207.20867749402294,58.85669708251953,16.25967788696289,5.122395992279053,1.0833333730697632
2020-08-01 22:02:00,106,74.55718219318135,9.892434629148083,314600,31.133715365719333,2.231881742079428,204.7784740610537,53.16820526123047,15.171483993530273,10.793749809265137,5.293749809265137
2020-08-01 22:02:00,161,79.32490889573182,15.455017541044501,27900,0.3304498349621404,0.006360294234046664,223.79635959238314,52.79216003417969,13.580777168273926,4.1875,-3.659374952316284
2020-08-01 23:02:00,108,74.55783842256803,10.117696599519787,307400,25.61204805508779,2.171972129495111,204.78539705086897,53.6096076965332,15.2236909866333,10.78125,5.143750190734863
2020-08-01 23:02:00,157,87.58827529079875,18.943710936092746,403900,28.607453905588557,3.264882758623855,194.49172640498983,74.00997161865234,18.403684616088867,5.493750095367432,2.359375
2020-08-02 22:02:00,112,76.990735778951,8.66703201285935,214300,16.67264815728501,0.6932807159653113,207.15921300726393,55.166297912597656,15.929169654846191,4.348958492279053,-2.6640625
2020-08-02 22:02:00,187,84.62463646386998,22.02494477242323,227900,40.84585214908552,2.8862376621161534,200.89598281912382,72.92414855957031,17.9140567779541,7.25,11.178125381469727
2020-08-02 22:02:00,186,72.17900612518078,20.283969078355163,26200,23.349273024521526,1.673849306470586,205.6357851166265,63.296363830566406,15.521092414855957,20.984375,11.034375190734863
2020-08-02 22:02:00,125,71.59440407386192,7.285314489911486,28600,8.923166335726552,1.3754203427680323,210.35758644510332,56.482666015625,15.383935928344727,2.0218749046325684,-3.6312499046325684
2020-08-02 22:02:00,160,82.78243085500357,13.808107730504629,29600,0.1583143658517745,0.0023692616551419018,222.8691377139761,63.608604431152344,16.697696685791016,3.78125,0.7875000238418579
2020-08-02 23:02:00,148,80.11071290288653,10.338839092424937,44800,0.013277464349290079,2.9637215540068006e-05,225.25043145443675,57.87709426879883,15.66222858428955,0.503125011920929,0.05624999850988388
2020-08-02 23:02:00,170,80.93105104680647,14.01736803891366,28500,0.015221670872030444,8.940392142772307e-05,223.83084947314117,56.2046012878418,11.952898979187012,-3.0729167461395264,-3.7291667461395264
2020-08-02 23:02:00,109,77.07281427059694,8.30848619204199,179700,11.91688669980426,0.5973409405221086,207.597816242952,55.95396041870117,15.928866386413574,4.46875,-1.912500023841858
2020-08-02 23:02:00,191,72.44191021077773,20.505514341242172,27200,8.461131286830202,1.1780164163059108,211.5283025670262,65.4417724609375,15.701260566711426,19.493749618530273,9.265625
2020-08-03 22:02:00,160,74.35177278755573,12.833534129043265,140900,18.070008133667425,1.557386288420096,206.3177189402695,58.51231002807617,15.505587577819824,2.6968750953674316,0.3687500059604645
2020-08-03 22:02:00,133,82.72931617460272,8.005863363554736,46900,1.605386591978164,0.020920330248970654,215.03137000950576,55.074729919433594,13.99543571472168,-0.800000011920929,-10.112500190734863
2020-08-03 22:02:00,163,82.57469281707242,11.506479025470016,40900,1.792727584455477,0.02624095092419693,219.00712550054328,59.04682159423828,16.54738426208496,5.824999809265137,-2.140625
2020-08-03 23:02:00,154,82.29730730353941,11.117988475659075,35300,0.41785262388980154,0.01081483496999899,211.84166415381924,59.1002082824707,16.505054473876953,5.596875190734863,-2.21875
2020-08-03 23:02:00,121,83.36950193905662,7.88510622200391,28200,3.138551045788307,0.030060207061211548,220.2989402785542,55.22687911987305,14.909817695617676,-1.1437499523162842,-8.550000190734863
2020-08-04 22:02:00,178,79.83034671005325,18.885074240651296,40200,35.82623443094005,2.4103442022749197,211.45608899704246,56.394187927246094,12.800989151000977,5.178124904632568,4.90625
2020-08-04 22:02:00,108,79.2373935047652,7.218067065006545,35700,11.354558406358663,0.840863210863098,207.69421928096097,51.111366271972656,15.458212852478027,-3.2890625,-9.3671875
2020-08-04 22:02:00,117,72.70704548470925,7.918456205585659,29800,4.964025174328659,0.3540053117823769,213.17321486165716,52.82875442504883,15.716641426086426,-0.8218749761581421,-6.246874809265137
2020-08-04 22:02:00,189,78.87245614649886,20.991101321527513,23600,9.81791716862048,1.7075814134927205,206.68133645829246,57.83332443237305,14.182443618774414,9.421875,4.962500095367432
2020-08-04 22:02:00,137,75.82894912531347,12.676604679484425,324000,26.035401519519382,1.8994604500608394,204.08639348032142,43.00132369995117,4.9386887550354,0.08437500149011612,-12.793749809265137
2020-08-04 23:02:00,131,74.58849438392485,13.136187358836318,268600,30.274674317107994,2.177434483843762,205.37680083887128,56.838226318359375,15.576606750488281,3.078125,-0.546875
2020-08-04 23:02:00,112,79.43741986736562,7.565723103297332,47700,11.128212611063375,0.4494237871918642,207.25147042314526,52.99626541137695,15.529052734375,-1.978124976158142,-8.268750190734863
2020-08-04 23:02:00,121,72.72551711466302,7.830912684998571,24100,3.763907420556023,0.3825743671624121,214.10509672325514,52.82875442504883,15.696523666381836,-0.6968749761581421,-6.0625
2020-08-04 23:02:00,181,79.76399333847085,18.974681577609697,39300,23.353994745057012,2.1612585153152364,206.2036645830402,56.65810012817383,12.810872077941895,5.3125,5.618750095367432
2020-08-04 23:02:00,192,78.861487757906,20.892127276481467,23500,13.226302331384677,1.734990558787131,207.52078541437248,57.96131134033203,14.289349555969238,8.834375381469727,4.5
2020-08-05 22:02:00,137,74.61272153583333,12.264209903003518,151300,20.544162519614865,1.851444400041791,206.4019817362273,56.7736930847168,15.086657524108887,3.5572917461395264,2.1197917461395264
2020-08-05 22:02:00,113,79.12227255087404,6.818224130018478,32100,18.43738415450135,1.1142985262492893,213.49691923629697,56.67511749267578,15.172066688537598,5.390625,0.5729166865348816
2020-08-05 22:02:00,192,79.19660517395468,19.46537165357164,122300,13.910043151150937,1.5853958635578678,212.79614372886795,61.324424743652344,16.308319091796875,5.53125,4.278124809265137
2020-08-05 22:02:00,184,87.47819682980372,19.39816491150659,302500,25.02857648991362,3.195597348522495,197.59589178215248,69.38361358642578,18.225645065307617,9.356249809265137,13.0625
2020-08-05 23:02:00,189,87.45429851089216,19.436129592823974,309300,27.15295452929556,3.1439989011505425,193.72149061365812,69.38361358642578,18.231613159179688,9.306249618530273,12.90625
2020-08-05 23:02:00,145,74.23335912962331,13.163354935251956,182700,20.29236251530523,2.0413875685871976,204.61746209974712,56.42607498168945,14.716512680053711,7.012499809265137,5.259375095367432
2020-08-05 23:02:00,122,78.87388294450254,6.879133692563675,38100,17.172754614536423,0.6955878845470543,214.15472308054166,55.87725830078125,15.093820571899414,5.693749904632568,1.0968749523162842
2020-08-05 23:02:00,195,79.36716397379486,19.302992589037185,113600,13.745384020194063,1.6366175770739964,213.07215716442315,62.230262756347656,16.208471298217773,4.520833492279053,3.1510417461395264
2020-08-05 23:02:00,219,85.98899223919435,28.36614178911445,47700,4.973651374016518,0.8383332723742376,212.48756071999946,14.170003890991211,0.0,-0.1510416716337204,-0.1510416716337204
2020-08-06 22:02:00,183,73.8901590554111,10.700602217371683,24900,12.939922745364871,0.5510588696316107,214.82664655305828,52.2620735168457,14.14749813079834,7.5,1.7317708730697632
2020-08-06 22:02:00,206,81.46179560921027,15.492116488590261,90700,14.442776923468653,0.8914555543166197,198.41537188324733,67.84605407714844,16.058456420898438,17.371875762939453,17.928125381469727
2020-08-06 23:02:00,219,82.77812351286411,16.698241816833615,51200,12.867879188874749,1.2081489744124418,195.7562587041397,69.69598388671875,16.02539825439453,20.296875,24.265625
2020-08-06 23:02:00,252,85.1638539095959,24.88147541988327,66400,10.696484092289296,0.8977723055732288,204.21120225621559,69.3556137084961,18.547042846679688,3.3854167461395264,4.057291507720947
2020-08-07 22:02:00,197,70.56623783274594,20.770939798436615,46800,20.64817054007135,2.6570625166931254,209.2873699188053,65.55096435546875,17.336000442504883,10.046875,12.734375
2020-08-07 23:02:00,183,70.5349622256514,20.782427155453227,55200,21.156289018828225,2.356326524311636,205.47559128075895,65.55096435546875,17.329328536987305,10.044270515441895,12.6796875
2020-08-07 23:02:00,202,86.34600223936884,25.623643597458567,105100,19.565875796719503,1.9935739877863585,201.3425934365619,76.38035583496094,19.872005462646484,-2.9781250953674316,-5.240624904632568
2020-08-10 22:02:00,209,78.69597745775343,23.280768837962118,57200,7.059158841427422,1.1785016495933947,202.02978020003107,67.87745666503906,18.250455856323242,15.0703125,10.786458015441895
2020-08-10 23:02:00,207,78.00607166512437,23.093593645016483,60100,9.12448507507371,1.3213720065614298,205.08926078100706,67.98214721679688,18.086645126342773,14.574999809265137,9.668749809265137
2020-08-10 23:02:00,174,81.23612959721589,16.76376043771117,555200,36.11358555048308,1.3321215056811269,200.05425984437696,62.540870666503906,15.453727722167969,-2.403125047683716,-8.162500381469727
2020-08-11 22:02:00,192,79.80883690961993,18.626464247552388,394300,26.291049331610438,1.3571040104531233,199.4221465577783,60.07550048828125,14.33304214477539,-1.3619791269302368,-3.1796875
2020-08-11 22:02:00,229,84.88872023274128,28.0796985052582,26600,2.647997751007779,0.3477096138299352,217.16939150553242,45.587806701660156,0.425809383392334,-3.2213542461395264,-3.1770832538604736
2020-08-11 22:02:00,225,78.51139380876408,25.643487814969795,21500,4.6624121746874,0.21318524442472622,205.16580949461323,72.407470703125,18.933879852294922,8.793749809265137,10.753125190734863
2020-08-11 23:02:00,183,79.82220486281665,18.70701284287413,385700,46.074902806794476,1.2333893469136177,198.66122594077288,60.33258056640625,14.43829345703125,-1.3151041269302368,-3.1171875
2020-08-11 23:02:00,224,78.98117131362727,25.526851353821932,32400,5.420104384181489,0.12488577162373969,210.09116132966247,72.33598327636719,18.812063217163086,10.8984375,11.4921875
2020-08-12 22:02:00,198,79.77493726361935,24.525060746955404,40900,7.141507809521641,0.9283431427145697,205.71301397628343,70.83600616455078,19.404193878173828,11.046875,11.009374618530273
2020-08-12 22:02:00,190,77.73908299459538,22.25052777142592,56800,12.004280458867806,0.7284983811972041,210.12085476211215,63.16278839111328,17.34199333190918,18.6875,9.556249618530273
2020-08-12 23:02:00,186,80.15957530304159,24.64164765959062,89800,18.468487154743062,0.8438376058165526,205.38113080737097,71.24821472167969,19.718414306640625,10.331250190734863,10.5625
2020-08-12 23:02:00,168,87.83155193143678,17.231553049920834,20600,5.0750191827074405,0.818614931047451,207.3616554413449,61.34538650512695,16.53470802307129,1.0364583730697632,0.7421875
2020-08-12 23:02:00,182,78.33333180348079,22.111457909146946,38400,13.303916451439829,0.7986747340065558,209.4486610930183,60.31938552856445,7.015963077545166,19.953125,4.734375
2020-08-13 22:02:00,176,72.96734168696668,17.817896325649812,27100,10.93334795619026,2.0009582003636814,207.63761951139222,54.1166877746582,15.608433723449707,5.956250190734863,6.953125
2020-08-13 22:02:00,204,79.10349542348663,24.79797495742517,81500,12.571137747620325,1.2903417445968026,206.55954021363576,58.771820068359375,19.110925674438477,12.239583015441895,15.013020515441895
2020-08-13 23:02:00,189,72.96423203405672,17.782116416597017,27400,10.385494594475688,1.9188764871154296,207.47347039819073,54.1166877746582,15.522631645202637,6.131249904632568,6.978125095367432
2020-08-13 23:02:00,215,79.32157851833048,24.714580637020624,94300,11.585967589772617,1.3089044487523653,206.30723589920962,59.2457389831543,19.26053237915039,12.421875,14.887499809265137
2020-08-14 22:02:00,139,88.08008320048704,13.246186090727983,23600,7.184743809858877,1.057238062239749,208.8366460610663,59.785400390625,15.938324928283691,-2.4296875,-0.7838541865348816
2020-08-15 22:02:00,149,81.98107567189405,16.313952131166207,589500,27.390833867954218,2.308925500787978,193.11873442029523,57.52287673950195,12.157554626464844,10.040624618530273,10.306249618530273
2020-08-15 23:02:00,145,75.1496321290404,13.519962995480268,27300,9.779510603445182,0.8175214695522067,221.68606354349393,50.245094299316406,13.928399085998535,1.1510416269302368,-5.122395992279053
2020-08-15 23:02:00,161,88.83792950860385,16.314137587054024,29000,12.823651513428675,3.632418715555458,206.6395131143766,56.91450119018555,17.005290985107422,-7.212500095367432,-5.612500190734863
2020-08-15 23:02:00,142,82.2523856399576,16.611357329630753,536200,29.820537817459435,2.4757284928812804,191.81592635441135,58.659175872802734,12.965456008911133,10.453125,9.106249809265137
2020-08-15 23:02:00,93,88.18715433243217,5.608256781866791,21800,2.6049544742344812,0.32845254140366226,221.96949709393726,46.923248291015625,14.773837089538574,-0.984375,-4.09375
2020-08-16 22:02:00,158,78.71256877928569,20.72752513460407,480100,24.197983212581008,1.874823058719512,192.61257057197412,54.0112190246582,17.650554656982422,10.512499809265137,6.009375095367432
2020-08-16 22:02:00,166,86.96735382080078,19.299586393288017,36300,15.971505502802696,2.82642347195062,200.14323469595914,67.71817779541016,15.885897636413574,4.989583492279053,7.0
2020-08-16 22:02:00,86,75.9047738621744,7.699157141567616,35600,14.644857860571033,0.39691348143665606,220.48999672771893,53.711952209472656,15.415385246276855,-0.43437498807907104,-0.971875011920929
2020-08-16 22:02:00,130,76.92657950932801,13.999307919867896,101200,11.758628824609147,0.5162789777110295,221.9893112519693,44.32353210449219,15.0457124710083,10.771875381469727,0.815625011920929
2020-08-16 22:02:00,138,81.6296193995182,14.045734233765806,21100,3.831661945880148,0.5719435942017385,218.85026939270824,62.64917755126953,13.780638694763184,5.216145992279053,4.807291507720947
2020-08-16 23:02:00,154,78.52672736807602,20.6159308845834,471400,33.39367275590328,1.8598366085055926,192.62824160489427,53.7170295715332,17.477327346801758,9.0546875,6.1484375
2020-08-16 23:02:00,165,86.76078280280618,19.22303884637122,40800,17.40389706456255,3.189510534704351,200.94554388159483,67.3244857788086,16.183021545410156,4.334374904632568,6.175000190734863
2020-08-16 23:02:00,133,76.77063765443276,14.223501600374712,75100,12.490948506272156,0.5304712298078366,226.2779079575932,45.18501281738281,15.48115062713623,11.600000381469727,2.0062499046325684
2020-08-16 23:02:00,100,77.59196931602311,8.668248009507673,27400,14.573486356211491,0.5634904611294154,221.2605812490909,47.62055206298828,15.003507614135742,4.375,-0.3062500059604645
2020-08-17 22:02:00,165,83.31373862784824,26.4169879256894,113900,11.71963630141197,0.3697043879759267,200.12605788185445,78.5582046508789,20.36667823791504,0.3984375,-1.78125
2020-08-17 22:02:00,144,79.08901935611264,20.284652836293603,416700,26.88196659788501,2.3649691272700664,193.93143864981303,55.9777717590332,16.677248001098633,6.283854007720947,3.7838542461395264
2020-08-17 23:02:00,139,78.88607997991465,20.33774856949029,431800,24.927259755809587,2.2254578463357437,195.23597586762133,55.349491119384766,16.395275115966797,6.096875190734863,4.459374904632568
2020-08-17 23:02:00,156,83.22116697829482,25.288997936682925,65900,16.555566526934204,0.7518992385992054,195.65964898004484,77.59614562988281,19.801616668701172,1.296875,2.340625047683716
2020-08-18 22:02:00,167,86.09388080148136,20.05335255622864,340000,24.988016352879495,2.9901672971548643,196.74770241390004,64.07228088378906,16.66890525817871,5.618750095367432,4.434374809265137
2020-08-18 22:02:00,160,72.83629984398411,16.668786308303506,51100,6.268485041730077,0.6548121651724971,223.28349764368457,54.02177810668945,15.367593765258789,7.128125190734863,7.390625
2020-08-18 22:02:00,164,77.3061890738351,16.550475883483887,21000,0.0964064435214597,0.004282333594397079,226.59266588692827,46.832984924316406,15.457763671875,8.8125,5.278124809265137
2020-08-18 22:02:00,170,79.57539177369536,18.349774868568677,44500,3.8948221406551005,0.10907218615827716,225.16618700789306,52.7984619140625,13.83043098449707,1.5499999523162842,0.5562499761581421
2020-08-18 23:02:00,180,85.94260160356633,20.07853446786807,351500,38.749696439624,2.860803254530824,197.25941403497956,63.889892578125,16.47507095336914,6.331250190734863,4.706250190734863
2020-08-18 23:02:00,169,72.74521484027419,16.598974562451616,43900,8.618812841862932,0.8951293011405975,222.54422146367403,53.8069953918457,15.392474174499512,7.415625095367432,7.559374809265137
2020-08-18 23:02:00,176,79.54744741868,18.0359690043391,39200,1.3837471627175233,0.02356622504852467,225.91608962320234,51.353492736816406,13.810651779174805,1.896875023841858,2.875
2020-08-18 23:02:00,191,73.0892723763343,20.670461667252845,30300,13.045803823948312,3.155402972408789,213.55794373847556,62.553672790527344,16.940658569335938,11.493749618530273,10.65625
2020-08-19 22:02:00,106,75.32319435040975,15.858040864688833,48500,10.526212087339431,1.0591557592202474,224.84782920419846,48.4540901184082,16.14058494567871,8.958333015441895,-0.3125
2020-08-19 23:02:00,113,75.67378369499656,15.905754094233599,39100,13.016060280258872,0.9515668295936491,225.25282743321992,48.702667236328125,16.234262466430664,9.484375,0.6499999761581421
2020-08-20 22:02:00,121,75.76058313923497,15.420664948801841,99200,15.259267883117221,1.3116412458984432,219.2078403347361,45.93629837036133,16.07610321044922,9.862500190734863,2.0999999046325684
2020-08-20 23:02:00,129,78.09467059276143,16.47786846708079,24400,2.001437526592566,0.10283250564103359,224.51747742290422,55.72785568237305,15.269341468811035,6.768229007720947,5.580729007720947
2020-08-20 23:02:00,122,74.59043175046625,14.917328159731648,55400,16.981371239765586,2.160361027292153,218.76758766999194,49.676544189453125,16.30391502380371,9.057291984558105,6.044270992279053
2020-08-21 22:02:00,150,74.2162205335829,13.217110769483778,22500,12.585811639745447,1.2187194322940489,215.98991107333018,55.751953125,14.880803108215332,8.465624809265137,9.693750381469727
2020-08-21 23:02:00,159,74.09410345085844,13.512881741253048,22900,11.885734421193872,1.0541398190591134,218.84863061108203,55.184932708740234,15.050738334655762,8.762499809265137,10.068750381469727
2020-08-22 22:02:00,184,85.86742706298828,27.85571355547224,35000,5.936783292159926,0.5928121398725474,203.70656078961096,39.45195007324219,0.0,-0.359375,-0.3411458432674408
2020-08-22 22:02:00,141,85.21980047698068,11.4173265447711,20200,0.23297295900462459,0.005677988934629887,225.99334614003766,53.6651611328125,15.139617919921875,5.190625190734863,3.4156250953674316
2020-08-22 23:02:00,179,85.75542214603747,27.84457555221299,29500,2.271075837863158,0.20251867481766092,207.66331563505952,41.85101318359375,0.0,-0.4937500059604645,-0.47187501192092896
2020-08-23 22:02:00,194,73.7982743766643,24.471750320110775,37700,24.712813946031574,1.258572417377791,207.61037220523497,30.81989097595215,16.116607666015625,12.71875,3.715625047683716
2020-08-23 22:02:00,169,85.61565721318222,16.22224585695864,92600,20.073428092445322,3.836689220932141,212.7664924887206,62.7248420715332,13.767618179321289,1.125,2.168750047683716
2020-08-23 22:02:00,161,83.50913158215974,12.075386812074266,32300,0.020169515297538826,0.00027589641690011174,222.3819338722487,59.48991775512695,16.107492446899414,8.378125190734863,8.746874809265137
2020-08-23 23:02:00,186,73.00784167121438,24.45784272399603,20400,33.32827162946749,2.0965690409822124,207.36149503722018,31.34283447265625,17.927392959594727,8.800000190734863,8.503125190734863
2020-08-23 23:02:00,150,84.86654695551447,12.249999722690447,42300,6.181852664327091,0.9276772331806817,213.91704616963048,56.8459358215332,14.164685249328613,5.541666507720947,8.0625
2020-08-24 22:02:00,147,82.87487658989139,12.102194907025593,20500,7.433592837943971,0.4241783490032143,219.98545955599343,58.0749397277832,14.784014701843262,6.137499809265137,10.746874809265137
2020-08-24 22:02:00,180,88.22397111866572,26.67794439759973,36500,14.090963404786034,1.48265827058271,207.32861636815915,67.13375854492188,15.015625,2.3359375,2.6692707538604736
2020-08-24 22:02:00,142,75.70638477170951,12.390602042494285,96300,7.669598855994447,0.3232140458784601,219.8473211089751,40.39875030517578,7.198988437652588,11.403645515441895,5.25
2020-08-24 23:02:00,172,88.76258127578836,26.711588632192043,30200,13.459856775940954,1.7170837375693726,205.36934983527584,71.69922637939453,17.452301025390625,1.868749976158142,2.1968750953674316
2020-08-24 23:02:00,136,75.5550727183276,12.500494808253675,80800,6.768762042396969,0.3039124394528537,218.89476927230842,42.650230407714844,11.266061782836914,9.909375190734863,6.943749904632568
2020-08-25 22:02:00,228,80.86337641330068,29.121153072369935,119600,24.397269578083787,2.0660518615489503,202.87677730726713,56.02988815307617,3.0827746391296387,-4.228125095367432,-4.346875190734863
2020-08-25 22:02:00,119,79.44607697281182,6.26862732335633,20400,8.796387541346267,1.4614234023757426,212.13886635539646,60.46335983276367,14.920354843139648,2.565624952316284,4.425000190734863
2020-08-25 23:02:00,229,80.77180741504401,29.110016148068194,118300,28.058475821288486,1.9653172500302627,202.5340180097508,56.39609909057617,3.8848354816436768,-4.393229007720947,-4.8359375
2020-08-25 23:02:00,127,79.53637968427013,6.195136057263682,25700,8.949342577029862,1.5620737762016452,215.330176060395,60.3644905090332,14.952523231506348,2.6197917461395264,4.125
2020-08-26 22:02:00,180,79.02710519212016,24.600280544731053,71200,6.02345751008351,1.1445854552856194,200.1337659327153,67.31283569335938,17.510250091552734,13.024999618530273,14.684374809265137
2020-08-26 23:02:00,183,79.60096208135371,24.28897180495987,93400,5.691421767471362,1.1536275552470663,198.9011674045186,67.20062255859375,17.8467960357666,12.153124809265137,11.649999618530273
2020-08-29 22:02:00,157,75.0941906525058,14.059781312734279,114500,23.863903684203745,1.9134776689555604,212.96658573987648,41.88266372680664,16.269901275634766,10.015625,5.309374809265137
2020-08-29 22:02:00,154,81.98242035508156,11.79140605777502,25600,0.019546458721291956,0.00047627638560636,220.1952885198236,57.900146484375,14.572039604187012,4.353125095367432,6.806250095367432
2020-08-29 22:02:00,216,80.86397355831929,24.78043438336864,32200,32.55529649468383,3.193783932874112,198.02569783218797,60.54240036010742,16.765098571777344,12.109375,11.240625381469727
2020-08-29 23:02:00,165,81.75349193056599,11.701964873934417,22900,0.01594557542447423,0.00021214775361627695,223.0823622263846,58.190521240234375,14.728489875793457,5.744791507720947,8.044270515441895
2020-08-29 23:02:00,170,74.95922124991145,13.709999661618564,96500,17.970505658543562,2.2383123413530748,216.76488226221787,46.84776306152344,16.04685401916504,8.287500381469727,5.387499809265137
2020-08-29 23:02:00,221,80.61276778001051,24.799845721905047,32500,33.86874987478185,3.2137101572714313,198.4546051014587,60.0999755859375,16.813329696655273,12.121874809265137,11.537500381469727
2020-08-30 22:02:00,142,74.35898553480743,11.955102571166387,131300,25.11005736806174,2.668824145994137,205.29616076223544,53.965431213378906,15.020312309265137,8.003125190734863,7.865624904632568
2020-08-30 22:02:00,165,79.1592035173871,15.095187913423802,47800,0.012873698139481209,5.1467108201584506e-05,223.8092713934903,50.64239501953125,13.9484281539917,14.768750190734863,17.803125381469727
2020-08-30 23:02:00,130,74.23433063383136,11.761335499622332,138500,28.29028398341245,2.4830108203066463,209.0749911092228,53.06642532348633,14.98852825164795,8.118749618530273,8.065625190734863
2020-08-30 23:02:00,160,79.33859704169411,15.195842858448165,42100,0.10903209510136898,0.0005471195698085186,221.094878955268,50.61616516113281,13.534597396850586,14.699999809265137,17.046875
2020-08-31 22:02:00,149,74.09285561159595,12.6653436495934,56700,19.44952081905248,1.8931130479202691,212.03674850511447,55.44626998901367,15.780019760131836,9.203125,10.037500381469727
2020-08-31 23:02:00,133,74.11951528783182,12.650557369104549,53800,25.36807193746782,1.7869660264586316,205.67293033091644,55.44626998901367,15.842864990234375,9.256250381469727,9.934374809265137
2020-09-01 22:02:00,102,71.43357716060306,6.083748453470751,88300,22.85460778192775,1.6496144687830825,199.82066299133436,57.53750228881836,16.526142120361328,3.440624952316284,-0.24375000596046448
2020-09-01 22:02:00,126,74.5905151896005,11.007592718031846,158700,24.05003226456518,1.6851245402932418,204.29108738034117,62.7445182800293,14.525321960449219,10.083333015441895,11.252604484558105
2020-09-01 22:02:00,155,84.92071139238243,12.913776195577574,51900,9.741377679406012,0.8877427543848283,203.9643738841496,64.16510772705078,16.737743377685547,7.703125,6.240624904632568
2020-09-01 22:02:00,180,85.28848763335523,18.497841327310468,27800,13.959358849276732,3.8276439481645035,203.6955014642389,63.30840301513672,14.475106239318848,8.013020515441895,7.078125
2020-09-01 23:02:00,175,85.17429641518692,17.524114394508146,81900,19.10088728924611,2.3564451900998056,199.53646106819488,61.38813400268555,13.329092025756836,6.556250095367432,5.837500095367432
2020-09-01 23:02:00,131,74.49500825089407,10.969112629215466,153300,27.225601201311722,1.4511496773715988,206.2199673394718,62.3521728515625,14.488818168640137,10.134374618530273,11.09375
2020-09-01 23:02:00,160,84.78983450717614,13.096884936973696,61000,4.710662592238967,0.4971307663697616,203.7815718421097,63.94208908081055,16.907238006591797,7.928124904632568,5.912499904632568
2020-09-02 22:02:00,97,76.80156833522922,8.249607357162883,127400,18.896303990103917,0.9185974682238996,202.92923349512023,56.7104377746582,15.226516723632812,-0.44062501192092896,-2.796875
2020-09-02 22:02:00,136,74.26035090375052,12.568281671549254,45400,13.960594172470561,1.2028994894195424,214.1764846746149,62.07069778442383,15.0470552444458,9.078125,7.381249904632568
2020-09-02 23:02:00,108,76.79711681863536,7.930586273436358,98900,18.652716175801633,0.9841624244803134,202.25795923251164,57.49503707885742,15.464734077453613,-1.100000023841858,-3.465625047683716
2020-09-02 23:02:00,145,74.50698389726527,12.519117390408235,27200,8.979200356289677,1.304691112839582,217.67172884786092,61.74753952026367,14.383769035339355,10.578125,8.440625190734863
2020-09-03 22:02:00,113,78.95674001286538,6.693370644430097,44500,6.000498985228976,0.13626551635917597,215.78078026512105,60.391273498535156,15.113624572753906,1.1458333730697632,0.0494791679084301
2020-09-03 23:02:00,109,79.00764815506015,6.902771469759043,45100,9.23059267791506,0.2438284197019509,215.48264213500443,59.85979461669922,15.204259872436523,1.6375000476837158,0.559374988079071
2020-09-04 22:02:00,167,85.0024429321289,19.646444040934245,22500,23.018384340672537,1.163396173900033,196.99411603888814,68.88623809814453,18.751550674438477,7.736979007720947,8.78125
2020-09-04 22:02:00,94,79.00382950638507,7.060412416289504,50900,14.367018556629132,0.6607778768565669,205.73279288882915,51.60308837890625,15.53489875793457,3.78125,0.24062499403953552
2020-09-04 22:02:00,117,76.24309052919087,9.559868229062934,30400,13.531562877255329,1.6310331806588645,208.43996444064848,56.21711349487305,15.599708557128906,3.5875000953674316,0.234375
2020-09-04 22:02:00,133,76.42269781348043,18.769585587071038,618300,36.33023792695087,1.4878504613246955,195.5186957705969,59.45635986328125,16.583398818969727,11.8203125,7.109375
2020-09-04 22:02:00,181,83.29647996690538,27.534999222225615,54000,16.38536205327143,2.2033997307532,198.3679446953383,62.40654754638672,16.855520248413086,-0.815625011920929,1.2312500476837158
2020-09-04 23:02:00,179,83.16352682444905,27.322576930797513,54700,15.954189365603785,1.5537807160341826,200.1228310137349,68.24845886230469,19.807905197143555,-0.5572916865348816,0.4270833432674408
2020-09-04 23:02:00,119,76.14286570822453,18.333078982524768,636500,29.17539782485775,1.465202586622434,196.04171045415072,56.956764221191406,16.534446716308594,11.526041984558105,3.4739582538604736
2020-09-04 23:02:00,98,78.97127941226171,7.173966776240956,48400,11.861046992408903,0.5392835074203473,206.45675366256327,51.81787109375,15.46790599822998,4.200520992279053,0.8802083134651184
2020-09-04 23:02:00,156,75.69396397163128,17.225430661234363,23200,0.660592858173291,0.03164808948043628,221.61220702717114,58.007080078125,15.952825546264648,9.6875,2.5687499046325684
2020-09-05 22:02:00,134,75.1570161295216,11.481578722334744,68400,14.176719354498346,1.2762203364770275,211.68729837311258,61.29426193237305,15.657676696777344,1.8541666269302368,-0.96875
2020-09-05 22:02:00,215,84.14874839782715,27.758749222755434,24000,20.12859354177011,1.6432261031065116,204.430011469929,65.76612854003906,13.93048095703125,2.5911457538604736,4.7109375
2020-09-05 22:02:00,210,74.87571277229154,25.422244387256857,24500,5.709889328419457,0.8623486552301842,206.80473032609592,64.0600814819336,18.6942195892334,1.3828125,4.549479007720947
2020-09-05 22:02:00,187,79.01886090475415,21.30521125541162,378000,20.69585533078338,1.3525191273939008,193.98313471046384,70.51657104492188,20.653478622436523,10.059374809265137,14.5625
2020-09-05 23:02:00,125,75.00929433258486,11.783943424762136,71000,13.366434406093104,1.0269456991868604,214.4921334237629,60.425941467285156,14.943248748779297,1.1458333730697632,-1.65625
2020-09-05 23:02:00,170,85.88444822028494,17.316028321188604,20900,6.193273943970532,0.9819302874532804,206.9269467527101,69.44964599609375,17.830181121826172,12.521875381469727,14.315625190734863
2020-09-05 23:02:00,177,78.69428816732801,21.74407406292797,394900,16.220556658549672,1.3002772218418852,193.16107421712195,63.552101135253906,16.21980094909668,8.768229484558105,14.15625
2020-09-06 22:02:00,216,78.89832244105845,29.330725494043786,35800,5.249099841066848,0.4148770281944481,202.9492935829711,58.87442398071289,16.84117889404297,1.399999976158142,2.8968749046325684
2020-09-06 22:02:00,199,70.70401641300747,20.270535354103362,44800,14.331158502083165,0.7322515959331852,212.47402251684218,71.47127532958984,17.099918365478516,-2.2593750953674316,4.568749904632568
2020-09-06 22:02:00,150,74.35191175888995,12.441964030265808,78400,19.83031679933929,1.5060695854679589,206.8317881558497,59.9779167175293,15.85876178741455,10.290624618530273,4.621874809265137
2020-09-06 22:02:00,189,72.37559847005208,18.45426628112793,37500,15.617708695297992,1.5290990722826119,213.17782058239268,71.57057189941406,17.00046157836914,4.4375,4.784375190734863
2020-09-06 23:02:00,208,78.8183935659903,29.247283191445433,40500,3.4281380491484503,0.12439046104499113,205.67447904378452,60.889122009277344,18.260643005371094,1.09375,2.5026042461395264
2020-09-06 23:02:00,192,71.5331881292935,20.467671994505256,23200,12.967728190808142,0.7618324211126102,209.37599483980605,72.9020004272461,17.608562469482422,-1.3781249523162842,4.21875
2020-09-06 23:02:00,133,74.48322894249434,12.115226090199663,97200,16.574063343206102,1.2474641100648194,208.50674606005487,59.36480712890625,15.97669506072998,11.143229484558105,4.927083492279053
2020-09-06 23:02:00,184,72.2304472556481,18.613461145987877,31200,13.789597219773135,1.94127418099735,217.18829939368686,72.0905532836914,17.013280868530273,3.8776042461395264,4.6953125
2020-09-08 22:02:00,169,89.61045805965853,20.037876002195333,126200,24.838194783845083,1.6821041228629645,193.6462271802006,73.91992950439453,17.801668167114258,7.5,7.487500190734863
2020-09-08 22:02:00,152,71.36415779766432,14.403096967038856,33900,0.8617972053750919,0.1294426420611633,223.35616901297837,55.94359588623047,16.173940658569336,7.427083492279053,2.9895832538604736
2020-09-08 22:02:00,136,75.438873154428,12.243222248828625,78200,16.53360370640835,1.9219767464829751,214.9924955255848,51.77337646484375,13.572779655456543,2.8541667461395264,-5.434895992279053
2020-09-08 22:02:00,164,75.4803616111428,16.866831335690943,30300,7.577365977632344,0.22437927067274366,227.98909457008295,53.347450256347656,15.461286544799805,11.112500190734863,-0.90625
2020-09-08 22:02:00,166,83.81712655460133,16.936158790720377,28900,17.396912261821857,3.835325367797235,203.98523988925152,67.7153549194336,16.876144409179688,8.634374618530273,-0.7875000238418579
2020-09-08 22:02:00,150,78.03571276437668,14.620237708091736,33600,0.023980618388436823,0.0006452512605431936,228.34259918793734,48.567626953125,14.142511367797852,8.490625381469727,0.06875000149011612
2020-09-08 23:02:00,145,75.53131236055472,12.265474188588831,68500,16.322468273768532,1.8852089205055398,210.80379745249707,50.3499641418457,13.06831169128418,2.518749952316284,-6.150000095367432
2020-09-08 23:02:00,172,75.1524178289598,16.4600802698443,24800,12.76985315116619,0.8049638561443639,227.88653576013093,52.15131759643555,15.423319816589355,9.7109375,-2.0338542461395264
2020-09-08 23:02:00,176,84.16432681866546,16.9822383937551,33500,18.406851443434153,3.9547914090803564,198.38687435713197,67.37203216552734,16.52693748474121,7.841145992279053,-0.0989583358168602
2020-09-08 23:02:00,185,89.68304329908898,20.56156531513253,127100,29.604298417186065,1.8260523117093141,195.35729893859644,74.36491394042969,17.349111557006836,2.6031250953674316,2.0562500953674316
2020-09-08 23:02:00,161,71.71676067363225,14.40272169468396,34900,1.7972138659689678,0.14210552805259527,226.29868054361444,56.30220031738281,16.338504791259766,7.490624904632568,2.6343750953674316
2020-09-09 22:02:00,163,88.54586341905232,15.582253235278666,145100,28.649203835513443,2.516981583933405,195.2395760139162,61.51983642578125,17.08076286315918,-1.0729166269302368,-3.25
2020-09-10 22:02:00,162,83.89931352171179,17.062328398344334,51100,29.73976625425123,4.363471957345985,194.83243608928206,67.71336364746094,17.096899032592773,1.3697916269302368,-5.065104007720947
2020-09-10 22:02:00,174,80.45588082706227,18.90529375637279,34000,16.979643245263855,1.598780074272331,210.61722750262768,63.99453353881836,16.2036075592041,3.5093750953674316,-0.971875011920929
2020-09-10 23:02:00,179,80.4564087109688,18.825640653952576,39000,16.235011360957696,1.5053195143509137,208.64421387105537,63.59623718261719,16.053865432739258,2.5406250953674316,-1.7531249523162842
2020-09-11 22:02:00,202,82.05637105305989,20.58807151769501,61200,9.669975548345978,1.741969788710191,194.828263760331,63.30925369262695,17.218130111694336,12.713541984558105,4.020833492279053
2020-09-11 23:02:00,202,81.95512216251225,20.567490769780566,56600,8.43989586949037,1.6571417592426434,195.88529734487594,63.075782775878906,17.222244262695312,12.368749618530273,4.0625
2020-09-12 22:02:00,191,90.74962934092842,12.2001842977376,27100,0.9814929612711651,0.04787939686155504,224.38686231536886,59.805274963378906,14.327069282531738,-6.734375,-10.462499618530273
2020-09-12 22:02:00,145,89.70620649452978,8.420134057934652,59600,8.49207794017896,1.6635826766696384,212.94947634886074,57.182254791259766,15.545225143432617,-5.381249904632568,-6.046875
2020-09-12 22:02:00,129,80.34954186008402,5.3632419163777945,21900,12.25415870165499,0.5673183732223163,216.2559577948266,47.41215896606445,15.202044486999512,0.78125,-0.3463541567325592
2020-09-12 23:02:00,156,88.47718285125436,8.800161625575093,30900,4.101953085456628,0.9066500095991272,214.59809830020447,57.00899124145508,15.375802993774414,-1.540624976158142,-1.328125
2020-09-14 22:02:00,227,88.87705731859394,26.56117567548565,51000,21.434021840293216,2.0124682054213605,200.05208915968666,66.24056243896484,17.55397605895996,1.693750023841858,6.181250095367432
2020-09-14 23:02:00,225,88.81770681010352,26.522915879885357,57600,20.762801153604634,1.0621954965281841,202.08361006761672,66.33821105957031,17.39864158630371,1.6770833730697632,5.934895992279053
2020-09-14 23:02:00,195,84.12237937563941,17.168094880240304,21000,5.648895118359832,1.660257463862717,210.41549057589913,64.637451171875,13.8668794631958,3.528125047683716,-1.634374976158142
2020-09-15 22:02:00,170,74.56312635935605,13.373972289638433,87600,26.38723589617437,3.2975362530796035,199.07806473287656,60.02116775512695,15.28886604309082,4.346875190734863,-0.3968749940395355
2020-09-15 22:02:00,223,85.90023276017108,27.234160433110503,106700,28.05973239410669,1.9647061656588252,200.53858910241766,53.91299057006836,8.201496124267578,7.587500095367432,10.721875190734863
2020-09-15 23:02:00,158,74.50653481936321,13.339832095993298,89500,17.093869310641367,2.9347605646335433,199.80009367656893,59.4990234375,15.28886604309082,4.346875190734863,-0.3968749940395355
2020-09-15 23:02:00,217,85.67115787377104,27.24526493606936,103500,19.803830069263768,1.4790780673528063,199.56057078726474,53.27820587158203,9.848225593566895,6.653124809265137,9.837499618530273
2020-09-16 22:02:00,152,74.85196298989071,10.633868306098364,264700,16.54754757587815,1.6458965963927263,205.03389086420012,59.12044143676758,15.954813957214355,1.431249976158142,-1.303125023841858
2020-09-17 22:02:00,164,83.93232411229333,9.975116077689238,21500,18.559990614120586,0.6530572236855968,201.93092540351478,60.44278335571289,16.866775512695312,-0.11874999850988388,-3.237499952316284
2020-09-17 23:02:00,158,84.20274930787318,9.841585566696612,30900,10.837943835322596,0.5246610464497949,202.88374259091663,60.716064453125,16.845056533813477,0.9593750238418579,-2.231250047683716
2020-09-18 22:02:00,256,84.00406207296957,28.10441621706258,28300,5.9104187263726535,0.5688924643706486,208.95457369706855,39.974639892578125,3.780066728591919,1.9348958730697632,4.346354007720947
2020-09-18 22:02:00,252,88.30336391008817,26.664903081380405,20800,8.983496941563665,0.44148282255058047,204.5644016427364,52.6204719543457,13.85246467590332,9.278124809265137,10.862500190734863
2020-09-18 23:02:00,170,75.5560731620432,10.218691398050183,21400,13.416129112324679,1.044796986314897,218.4467506716553,59.5855827331543,15.329824447631836,10.909375190734863,7.771874904632568
2020-09-19 22:02:00,195,72.52170263455994,18.76479066683165,31100,21.29154303942876,2.9041239303018096,202.54508935024984,56.7468147277832,17.21048355102539,-4.712500095367432,-0.6781250238418579
2020-09-19 23:02:00,189,72.47010018928664,18.948981816532047,39300,20.388493885407282,3.0260770477407104,204.01612813725166,57.287635803222656,17.274991989135742,-5.125,-0.7005208134651184
2020-09-19 23:02:00,172,88.39189579175866,13.451975927993715,25300,5.9247516491538095,0.5678890306003538,212.4880785484964,60.67876052856445,16.376527786254883,-0.6223958134651184,0.328125
2020-09-20 22:02:00,170,70.5573514282888,21.16439591546546,129200,17.555537360010796,2.4844286597244913,200.74168202316534,62.96065139770508,17.72371482849121,-2.034374952316284,-0.203125
2020-09-20 23:02:00,163,73.07042860899348,20.156272033636714,55800,13.373673142144689,2.4188637624167253,203.51905048994993,54.666038513183594,17.581737518310547,-3.0677082538604736,-1.171875
2020-09-21 22:02:00,183,76.31221864560777,23.302965207763503,433300,17.5193769156636,1.8503791253502002,193.0130666042608,53.938209533691406,17.187095642089844,13.416666984558105,9.0
2020-09-21 22:02:00,212,79.30240644071326,27.48427687690886,35300,9.470803159535391,2.009365159880766,203.301203669175,48.60795593261719,16.880207061767578,1.975000023841858,5.246874809265137
2020-09-21 23:02:00,177,76.40242518397949,23.334358078765504,416200,20.936779513446524,1.6631311698550202,195.29376810038266,53.426963806152344,17.059467315673828,13.768750190734863,9.284375190734863
2020-09-21 23:02:00,198,79.36535794127221,27.477123428793515,30600,6.51588308863426,1.388745185662383,207.44726072490153,48.55005645751953,16.92086410522461,1.8984375,5.286458492279053
2020-09-22 22:02:00,204,87.98019057221379,21.716614311234107,385200,30.42785112734963,2.7728499424886293,193.39374951173895,68.61832427978516,18.951292037963867,2.5963542461395264,2.4869792461395264
2020-09-22 22:02:00,195,90.82625960171754,16.284420975591733,33700,5.17966969976228,0.2765548425911544,207.2066558996875,63.753265380859375,16.174650192260742,5.51953125,4.37890625
2020-09-22 23:02:00,207,88.03649472580895,21.59680448338472,414700,33.31866624195611,2.6677162839833413,192.8139476709734,67.96965026855469,18.864330291748047,2.7874999046325684,2.8531250953674316
2020-09-23 22:02:00,217,87.87153387402489,20.400448282837036,100300,23.46162637972709,1.6540773420602604,196.47986233627398,69.9568862915039,18.06534767150879,7.121874809265137,8.518750190734863
2020-09-23 22:02:00,199,72.65151213059873,18.279767542626374,99100,25.217156783414342,2.9906864537302584,203.7374156899997,66.5014877319336,16.303030014038086,11.088541984558105,12.651041984558105
2020-09-23 22:02:00,234,86.61397789354798,24.155488473882397,58300,37.77001315682883,3.3336587217257523,198.37139114912387,64.80271911621094,18.44976234436035,0.606249988079071,1.0437500476837158
2020-09-23 23:02:00,198,72.70397697366694,18.277956609828497,93000,27.651514824469427,3.3117113512077796,203.4386125325898,66.37220001220703,16.413930892944336,11.181249618530273,12.596875190734863
2020-09-23 23:02:00,213,87.74279763490627,20.251926613627777,98600,12.858390717518859,1.3455712690250825,198.97493195114433,69.44095611572266,18.023406982421875,7.318749904632568,8.681249618530273
2020-09-23 23:02:00,226,86.95447400499891,24.26104856637808,71500,33.65483781488441,2.9121907933512414,196.98946837568704,64.85747528076172,17.937070846557617,0.6848958134651184,1.0885416269302368
2020-09-24 22:02:00,197,73.04592498803672,15.886820710124299,125200,25.427010866408875,2.929109645585903,198.53831298932047,54.301841735839844,16.424535751342773,5.546875,8.716145515441895
2020-09-24 22:02:00,147,82.02098825604436,9.058532207085412,29300,0.020411102217087376,0.00011394677193420454,225.35950039472456,54.249755859375,15.083720207214355,4.584374904632568,6.409375190734863
2020-09-24 22:02:00,202,82.46824887651124,16.011839755879627,66300,19.186785796987877,2.534076632357388,205.1626827952199,63.18122482299805,13.9771146774292,5.526041507720947,1.6640625
2020-09-24 22:02:00,210,87.38802666731284,17.067781300611898,56800,12.867057429875175,2.9174080938225004,204.2975758743961,64.00309753417969,16.92892837524414,6.7890625,7.2109375
2020-09-24 22:02:00,227,86.73264692471996,19.39520513630349,21900,16.321794894388116,3.1167422936248013,213.6366779606218,61.13360595703125,16.980749130249023,8.103124618530273,9.396875381469727
2020-09-24 23:02:00,184,73.05404835400923,15.755918627587434,128400,23.014808038470335,2.899923310995953,199.198199917269,53.627525329589844,16.356435775756836,5.4609375,8.638020515441895
2020-09-24 23:02:00,194,87.12425052092925,17.6767448622426,110300,18.033211279940193,3.1745768306437925,201.68361402053492,62.697853088378906,16.437347412109375,7.651041507720947,7.653645992279053
2020-09-25 22:02:00,143,74.42878915121389,10.99627884997878,215000,20.982993405689722,1.7282679415913595,201.39078202709032,51.331687927246094,15.501599311828613,3.340625047683716,4.109375
2020-09-25 22:02:00,202,84.73939712477751,25.49933687651437,98100,11.698049356372257,0.8344943162209812,199.22162865342963,58.852378845214844,16.63749122619629,-0.2395833283662796,1.1614583730697632
2020-09-25 22:02:00,146,79.13091132452874,9.202281971690072,24100,6.081642752877611,0.22138001834365453,210.07141067938971,52.112220764160156,14.010705947875977,0.9125000238418579,5.887499809265137
2020-09-25 23:02:00,140,88.24556487886777,10.23128060401954,20300,0.4346383745736269,0.03391119744331395,217.0486820166668,57.869773864746094,16.202720642089844,2.1458332538604736,-0.859375
2020-09-25 23:02:00,155,90.83647181561604,11.611352459819996,20700,0.0,0.0,219.2200189185256,64.63361358642578,16.03349494934082,-2.3046875,-2.6640625
2020-09-25 23:02:00,124,74.65788490062758,10.679021869172058,190200,28.158016748394186,1.6771528005549872,200.70886785329307,50.48051071166992,15.320526123046875,3.6656250953674316,4.449999809265137
2020-09-25 23:02:00,198,84.3774178289598,24.594193117080195,62000,8.991856316982869,1.0858869956099133,198.09546551583796,58.17581558227539,17.403356552124023,3.6187500953674316,0.5718749761581421
2020-09-25 23:02:00,129,78.9730481898531,9.038297687016481,28200,7.217387518549671,0.1424915943241235,204.6370008654187,52.062110900878906,14.117205619812012,5.046875,6.205729007720947
2020-09-26 22:02:00,162,75.12584530095815,9.887996870568996,135800,21.517352617048935,2.0226794164223105,201.07723337645925,49.99483108520508,15.472689628601074,-1.743749976158142,-1.446874976158142
2020-09-26 22:02:00,139,79.05427064774912,6.908544163160686,63200,14.281907245404758,0.7686644791458211,207.11018255634522,48.14231872558594,15.447595596313477,-3.9281249046325684,-4.428124904632568
2020-09-26 23:02:00,158,75.0084672995053,9.560433414570362,147600,23.145735708862894,1.895202030195386,201.9727445315093,49.43880844116211,15.633987426757812,-2.3645832538604736,-2.4322917461395264
2020-09-26 23:02:00,141,78.95216964975019,6.910536246585968,78300,13.071539742829067,0.6955588348079088,207.88881236347873,47.96315002441406,15.433793067932129,-3.9973957538604736,-4.5
2020-09-26 23:02:00,214,83.38858905254594,24.358724446904738,29800,7.9390755075421495,1.0824216838815708,205.00673729027844,53.28289794921875,16.576953887939453,1.896875023841858,3.8843750953674316
2020-09-27 22:02:00,142,75.44403295352284,9.195682702296569,63700,16.39405897930619,0.6471898377850369,210.1264815613726,48.88370895385742,15.5994873046875,-6.825520992279053,-7.65625
2020-09-27 22:02:00,170,73.69139081737663,13.709240169766582,79000,16.446741169602046,1.5793124208055256,206.0255282029597,59.43070602416992,15.536076545715332,3.184375047683716,3.203125
2020-09-27 22:02:00,123,78.95398401177448,6.360688273457513,55200,14.445504640032532,0.5012178461883771,210.52556609277352,44.67609786987305,14.571785926818848,-10.145833015441895,-11.25
2020-09-27 23:02:00,139,74.49289714426234,7.058115755993387,34500,4.773833752801128,0.21583994517286678,213.53567861224238,41.88495635986328,15.059946060180664,-8.975000381469727,-9.696874618530273
2020-09-27 23:02:00,158,74.30532878154033,12.044969691170586,133200,18.534691730945905,1.014898308658939,206.82419356412672,53.688438415527344,16.18977165222168,1.8359375,2.0182292461395264
2020-09-27 23:02:00,131,78.87790942518679,6.2821916496917,58400,15.610029164172941,0.5932695945114529,209.48701573742423,44.28126907348633,14.522242546081543,-10.112500190734863,-11.159375190734863
2020-09-28 22:02:00,149,75.56275572600188,9.45041132954413,24300,20.785459467358052,1.261188995691318,213.43432349440064,48.92018508911133,15.01211929321289,-1.2057291269302368,-1.7942708730697632
2020-09-28 22:02:00,121,79.23856993175689,7.063333170754569,31500,10.951706492199307,1.322519184233817,209.7073525889693,49.83910369873047,15.365730285644531,-4.15625,-5.90625
2020-09-28 23:02:00,121,79.1810329281798,7.139968483425607,31900,12.538227984085413,1.2837848419700746,209.36335456223352,49.6737060546875,15.339159965515137,-3.668750047683716,-5.162499904632568
2020-09-29 22:02:00,169,72.64011339209546,24.66402261229767,43500,22.2341633798871,1.737659788096807,209.14112501830076,50.96794891357422,16.405921936035156,7.0,12.5078125
2020-09-29 23:02:00,160,72.65403889357441,24.636060217655068,49500,33.36583827981815,1.9579927356144229,209.4702569752297,50.96794891357422,16.59480857849121,6.828125,12.53125
2020-09-30 22:02:00,124,80.3293373276051,14.16322275823798,72600,7.8959860464271605,0.6777282809002902,201.70074857051532,53.7568359375,12.652456283569336,-0.4281249940395355,-1.5968749523162842
2020-09-30 22:02:00,92,86.76336805997248,9.23846245508224,349300,22.250794851363505,2.387136283600689,197.20145401463193,54.11637878417969,16.03685188293457,3.1312499046325684,-0.9375
2020-09-30 23:02:00,95,86.91041082907496,8.881781848856908,339500,16.668895630968773,2.2524334649103364,198.57616312119148,54.08381652832031,15.852984428405762,1.9031250476837158,-0.7250000238418579
2020-09-30 23:02:00,132,80.51331374956214,14.369428968947867,73600,9.866927377853196,0.4815377572188638,201.9594409834565,55.01409149169922,12.899624824523926,-0.3828125,-2.2395832538604736
2020-09-30 23:02:00,127,85.69878881208358,12.529233646008276,49600,25.389926787364566,1.7263336074300015,197.403769910215,55.97467041015625,16.88819694519043,5.4296875,0.2213541716337204
